{"class_map": {"valid": [{"map95": 0.5247031819039157, "map50": 0.9021338517759894, "class": "all"}]}}